-- phpMyAdmin SQL Dump
-- version 5.2.1deb1
-- https://www.phpmyadmin.net/
--
-- Servidor: localhost:3306
-- Tiempo de generación: 12-11-2024 a las 19:52:32
-- Versión del servidor: 10.11.6-MariaDB-0+deb12u1
-- Versión de PHP: 8.2.24

SET SQL_MODE = "NO_AUTO_VALUE_ON_ZERO";
START TRANSACTION;
SET time_zone = "+00:00";


/*!40101 SET @OLD_CHARACTER_SET_CLIENT=@@CHARACTER_SET_CLIENT */;
/*!40101 SET @OLD_CHARACTER_SET_RESULTS=@@CHARACTER_SET_RESULTS */;
/*!40101 SET @OLD_COLLATION_CONNECTION=@@COLLATION_CONNECTION */;
/*!40101 SET NAMES utf8mb4 */;

--
-- Base de datos: `StrongLife`
--

-- --------------------------------------------------------

--
-- Estructura de tabla para la tabla `Actual_Training`
--

CREATE TABLE `Actual_Training` (
  `id` int(11) NOT NULL,
  `routine_id` int(11) NOT NULL,
  `exercise_id` int(11) NOT NULL,
  `set_number` int(11) NOT NULL,
  `reps` int(11) NOT NULL,
  `weight` decimal(5,2) NOT NULL
) ENGINE=InnoDB DEFAULT CHARSET=utf8mb4 COLLATE=utf8mb4_general_ci;

--
-- Disparadores `Actual_Training`
--
DELIMITER $$
CREATE TRIGGER `before_actual_training_update` BEFORE UPDATE ON `Actual_Training` FOR EACH ROW BEGIN
    INSERT INTO Progress (routine_id, exercise_id, set_number, reps, weight, date)
    VALUES (OLD.routine_id, OLD.exercise_id, OLD.set_number, OLD.reps, OLD.weight, CURDATE());
END
$$
DELIMITER ;

-- --------------------------------------------------------

--
-- Estructura de tabla para la tabla `DayMeals`
--

CREATE TABLE `DayMeals` (
  `day_id` int(11) NOT NULL,
  `meal_id` int(11) NOT NULL
) ENGINE=InnoDB DEFAULT CHARSET=utf8mb4 COLLATE=utf8mb4_unicode_ci;

--
-- Volcado de datos para la tabla `DayMeals`
--

INSERT INTO `DayMeals` (`day_id`, `meal_id`) VALUES
(67, 7),
(67, 11),
(78, 7),
(78, 10),
(79, 8),
(79, 10),
(97, 9),
(97, 11);

-- --------------------------------------------------------

--
-- Estructura de tabla para la tabla `Days`
--

CREATE TABLE `Days` (
  `id` int(11) NOT NULL,
  `user_id` int(11) DEFAULT NULL,
  `date` date NOT NULL,
  `routine_id` int(11) DEFAULT NULL
) ENGINE=InnoDB DEFAULT CHARSET=utf8mb4 COLLATE=utf8mb4_unicode_ci;

--
-- Volcado de datos para la tabla `Days`
--

INSERT INTO `Days` (`id`, `user_id`, `date`, `routine_id`) VALUES
(61, 20, '2024-10-06', NULL),
(62, 20, '2024-10-03', NULL),
(63, 20, '2024-10-02', NULL),
(64, 25, '2024-10-06', 10),
(65, 25, '2024-10-01', NULL),
(66, 21, '2024-10-06', NULL),
(67, 25, '2025-04-30', NULL),
(68, 25, '2024-10-08', NULL),
(69, 25, '2024-10-15', NULL),
(70, 25, '2024-10-05', NULL),
(71, 25, '2024-10-11', NULL),
(72, 25, '2024-10-13', NULL),
(73, 25, '2024-10-20', NULL),
(74, 25, '2025-02-02', NULL),
(75, 25, '2024-09-08', NULL),
(76, 25, '2024-09-01', NULL),
(77, 27, '2024-10-06', 10),
(78, 28, '2024-10-06', 13),
(79, 20, '2024-10-07', 10),
(80, 25, '2024-10-07', NULL),
(81, 25, '2024-10-14', NULL),
(82, 25, '2024-10-27', NULL),
(83, 25, '2024-10-29', NULL),
(84, 25, '2024-10-30', NULL),
(85, 25, '2024-10-23', NULL),
(86, 25, '2024-10-16', NULL),
(87, 25, '2024-10-09', NULL),
(88, 25, '2024-10-02', NULL),
(89, 25, '2024-10-26', NULL),
(90, 25, '2024-10-28', NULL),
(91, 25, '2024-09-30', NULL),
(92, 21, '2024-10-07', NULL),
(93, 21, '2024-10-20', NULL),
(94, 21, '2024-10-13', NULL),
(95, 21, '2024-10-21', NULL),
(96, 21, '2024-10-22', NULL),
(97, 30, '2024-10-07', NULL),
(98, 21, '2024-10-08', NULL),
(99, 30, '2024-10-08', NULL),
(100, 30, '2024-10-15', NULL),
(101, 30, '2024-10-06', NULL);

-- --------------------------------------------------------

--
-- Estructura de tabla para la tabla `Exercises`
--

CREATE TABLE `Exercises` (
  `id` int(11) NOT NULL,
  `name` varchar(255) NOT NULL,
  `description` text DEFAULT NULL
) ENGINE=InnoDB DEFAULT CHARSET=utf8mb4 COLLATE=utf8mb4_unicode_ci;

--
-- Volcado de datos para la tabla `Exercises`
--

INSERT INTO `Exercises` (`id`, `name`, `description`) VALUES
(6, 'Push Ups', 'A basic upper body exercise.'),
(8, 'Squat', 'A fundamental lower body exercise.'),
(10, 'Bench Press', 'A strength training exercise that targets the chest, shoulders, and triceps.'),
(11, 'Deadlift', 'A compound exercise that works the entire posterior chain.'),
(12, 'Squat', 'A foundational exercise that targets the quadriceps, hamstrings, and glutes.'),
(13, 'Pull-Up', 'An upper body exercise that targets the back and biceps.'),
(15, 'Shoulder Press', 'An exercise that targets the shoulders and triceps using a barbell or dumbbells.'),
(16, 'Plank', 'A core strengthening exercise that involves holding a position similar to a push-up.'),
(17, 'Bicep Curl', 'An isolation exercise that targets the biceps using dumbbells or a barbell.'),
(18, 'Tricep Dips', 'An exercise that targets the triceps, performed using parallel bars or a bench.'),
(19, 'Leg Press', 'A compound exercise that targets the quadriceps, hamstrings, and glutes using a leg press machine.'),
(21, 'Lunges', 'A lower body exercise that targets the legs and glutes.');

-- --------------------------------------------------------

--
-- Estructura de tabla para la tabla `Liked`
--

CREATE TABLE `Liked` (
  `user_id` int(11) NOT NULL,
  `routine_id` int(11) NOT NULL
) ENGINE=InnoDB DEFAULT CHARSET=utf8mb4 COLLATE=utf8mb4_unicode_ci;

--
-- Volcado de datos para la tabla `Liked`
--

INSERT INTO `Liked` (`user_id`, `routine_id`) VALUES
(19, 10),
(19, 11);

--
-- Disparadores `Liked`
--
DELIMITER $$
CREATE TRIGGER `update_numlikes` AFTER INSERT ON `Liked` FOR EACH ROW BEGIN
        UPDATE Routines
        SET NumLikes = NumLikes + 1
        WHERE id = NEW.routine_id;
END
$$
DELIMITER ;

-- --------------------------------------------------------

--
-- Estructura de tabla para la tabla `Meals`
--

CREATE TABLE `Meals` (
  `id` int(11) NOT NULL,
  `description` text DEFAULT NULL,
  `calories` int(10) UNSIGNED DEFAULT NULL,
  `proteins` int(10) UNSIGNED DEFAULT NULL,
  `fats` int(10) UNSIGNED DEFAULT NULL,
  `carbs` int(10) UNSIGNED DEFAULT NULL,
  `name` varchar(50) NOT NULL,
  `isPublic` tinyint(1) NOT NULL DEFAULT 0
) ENGINE=InnoDB DEFAULT CHARSET=utf8mb4 COLLATE=utf8mb4_unicode_ci;

--
-- Volcado de datos para la tabla `Meals`
--

INSERT INTO `Meals` (`id`, `description`, `calories`, `proteins`, `fats`, `carbs`, `name`, `isPublic`) VALUES
(7, 'A healthy salad with grilled chicken, mixed greens, and vinaigrette.', 400, 30, 15, 20, 'Grilled Chicken Salad', 0),
(8, 'Tender beef strips stir-fried with vegetables and soy sauce.', 471, 354, 20, 30, 'Beef Stir Fry', 0),
(9, 'A nutritious bowl with quinoa, black beans, corn, and avocado.', 400, 15, 12, 60, 'Vegetarian Quinoa Bowl', 0),
(10, 'Pasta with fresh vegetables, olive oil, and parmesan cheese.', 500, 18, 10, 80, 'Pasta Primavera', 0),
(11, 'Baked salmon fillet served with roasted asparagus.', 600, 40, 25, 10, 'Salmon with Asparagus', 0),
(12, 'Toasted bread topped with avocado and poached eggs.', 300, 12, 20, 25, 'Egg and Avocado Toast', 0),
(13, 'Spicy chili made with ground turkey, beans, and tomatoes.', 450, 30, 15, 40, 'Turkey Chili', 0),
(14, 'A refreshing smoothie bowl topped with fresh fruits and granola.', 350, 5, 8, 65, 'Mango Smoothie Bowl', 0),
(16, 'A rich and creamy protein shake with chocolate flavor.', 250, 30, 5, 20, 'Chocolate Protein Shake', 0),
(20, '', 0, 0, 0, 0, '', 0);

-- --------------------------------------------------------

--
-- Estructura de tabla para la tabla `Progress`
--

CREATE TABLE `Progress` (
  `id` int(11) NOT NULL,
  `routine_id` int(11) NOT NULL,
  `exercise_id` int(11) NOT NULL,
  `set_number` int(11) NOT NULL,
  `reps` int(11) NOT NULL,
  `weight` decimal(5,2) NOT NULL,
  `date` date DEFAULT curdate()
) ENGINE=InnoDB DEFAULT CHARSET=utf8mb4 COLLATE=utf8mb4_general_ci;

-- --------------------------------------------------------

--
-- Estructura de tabla para la tabla `RoutineExercises`
--

CREATE TABLE `RoutineExercises` (
  `routine_id` int(11) NOT NULL,
  `exercise_id` int(11) NOT NULL
) ENGINE=InnoDB DEFAULT CHARSET=utf8mb4 COLLATE=utf8mb4_unicode_ci;

--
-- Volcado de datos para la tabla `RoutineExercises`
--

INSERT INTO `RoutineExercises` (`routine_id`, `exercise_id`) VALUES
(10, 10),
(10, 11),
(11, 6);

-- --------------------------------------------------------

--
-- Estructura de tabla para la tabla `Routines`
--

CREATE TABLE `Routines` (
  `id` int(11) NOT NULL,
  `name` varchar(255) NOT NULL,
  `description` text DEFAULT NULL,
  `NumLikes` int(11) DEFAULT NULL,
  `user_id` int(11) DEFAULT NULL
) ENGINE=InnoDB DEFAULT CHARSET=utf8mb4 COLLATE=utf8mb4_unicode_ci;

--
-- Volcado de datos para la tabla `Routines`
--

INSERT INTO `Routines` (`id`, `name`, `description`, `NumLikes`, `user_id`) VALUES
(10, 'Full Body Workout', 'A balanced routine targeting all major muscle groups.', 1, NULL),
(11, 'Upper Body Strength', 'Focuses on building strength in the chest, shoulders, and arms.', 1, NULL),
(12, 'Lower Body Blast', 'A high-intensity routine designed to strengthen legs and glutes.', 0, NULL),
(13, 'Core Conditioning', 'Targets the core muscles for stability and strength.', 0, NULL);

--
-- Disparadores `Routines`
--
DELIMITER $$
CREATE TRIGGER `set_numlikes_0` AFTER INSERT ON `Routines` FOR EACH ROW BEGIN
      UPDATE Routines
        SET numlikes = 0
        WHERE id = NEW.id;
END
$$
DELIMITER ;

-- --------------------------------------------------------

--
-- Estructura de tabla para la tabla `Users`
--

CREATE TABLE `Users` (
  `id` int(11) NOT NULL,
  `username` varchar(50) NOT NULL,
  `password_hash` binary(200) NOT NULL,
  `email` binary(200) DEFAULT NULL,
  `Streak` int(11) NOT NULL DEFAULT 0,
  `stripe_id` varchar(255) DEFAULT NULL
) ENGINE=InnoDB DEFAULT CHARSET=utf8mb4 COLLATE=utf8mb4_unicode_ci;

--
-- Volcado de datos para la tabla `Users`
--

INSERT INTO `Users` (`id`, `username`, `password_hash`, `email`, `Streak`, `stripe_id`) VALUES
(19, 'pablo', 0x243261243130244a3836616c525848426e78625744794a6f416a4f542e7872784e75633865564239476e2f6b78386f384a64784347316e524d7732790000000000000000000000000000000000000000000000000000000000000000000000000000000000000000000000000000000000000000000000000000000000000000000000000000000000000000000000000000000000000000000000000000000000000000000000000000000000000000000000000000000000000000000000000000000000000000, 0x706166657273613230303340676d61696c2e636f6d0000000000000000000000000000000000000000000000000000000000000000000000000000000000000000000000000000000000000000000000000000000000000000000000000000000000000000000000000000000000000000000000000000000000000000000000000000000000000000000000000000000000000000000000000000000000000000000000000000000000000000000000000000000000000000000000000000000000000000000000, 0, NULL),
(20, 'pablo2', 0x243261243130243834774c422e7950616f566e462f576f6e7731412e4f713632464864544c6c316d43414b373175782f5070484866564358704832690000000000000000000000000000000000000000000000000000000000000000000000000000000000000000000000000000000000000000000000000000000000000000000000000000000000000000000000000000000000000000000000000000000000000000000000000000000000000000000000000000000000000000000000000000000000000000, 0x6464640000000000000000000000000000000000000000000000000000000000000000000000000000000000000000000000000000000000000000000000000000000000000000000000000000000000000000000000000000000000000000000000000000000000000000000000000000000000000000000000000000000000000000000000000000000000000000000000000000000000000000000000000000000000000000000000000000000000000000000000000000000000000000000000000000000000, 0, NULL),
(21, 'Salvador', 0x2432612431302464595777356c627577316d354964704450755156346532317a767a3078772e6d4e724a37596c6b563665747758786d39736e7938570000000000000000000000000000000000000000000000000000000000000000000000000000000000000000000000000000000000000000000000000000000000000000000000000000000000000000000000000000000000000000000000000000000000000000000000000000000000000000000000000000000000000000000000000000000000000000, 0x73616c76615f6f7640686f746d61696c2e636f6d000000000000000000000000000000000000000000000000000000000000000000000000000000000000000000000000000000000000000000000000000000000000000000000000000000000000000000000000000000000000000000000000000000000000000000000000000000000000000000000000000000000000000000000000000000000000000000000000000000000000000000000000000000000000000000000000000000000000000000000000, 0, NULL),
(22, 'Jua nca', 0x2432612431302443566d4474345462697a414f3970697a6870394e4b7566326e596438614a69585054386b4f3833693277677a43626c5433477278360000000000000000000000000000000000000000000000000000000000000000000000000000000000000000000000000000000000000000000000000000000000000000000000000000000000000000000000000000000000000000000000000000000000000000000000000000000000000000000000000000000000000000000000000000000000000000, 0x6a75616e636140676d61696c2e636f6d00000000000000000000000000000000000000000000000000000000000000000000000000000000000000000000000000000000000000000000000000000000000000000000000000000000000000000000000000000000000000000000000000000000000000000000000000000000000000000000000000000000000000000000000000000000000000000000000000000000000000000000000000000000000000000000000000000000000000000000000000000000, 0, NULL),
(23, 'Pabloeldemon', 0x24326124313024617a6b33676c736d384e32384e2e62306965644a352e6e327568466f4e6a7a4d534373704d5363534f6d546f4938714a7a73757a570000000000000000000000000000000000000000000000000000000000000000000000000000000000000000000000000000000000000000000000000000000000000000000000000000000000000000000000000000000000000000000000000000000000000000000000000000000000000000000000000000000000000000000000000000000000000000, 0x6c6173746574617364657472697669c3b16f40676d61696c2e636f6d00000000000000000000000000000000000000000000000000000000000000000000000000000000000000000000000000000000000000000000000000000000000000000000000000000000000000000000000000000000000000000000000000000000000000000000000000000000000000000000000000000000000000000000000000000000000000000000000000000000000000000000000000000000000000000000000000000000, 0, NULL),
(24, 'Lastetasdetriviño', 0x2432612431302445746c3341326679797830502e64312f554e764b512e5055704533394e73344770706c586934665873636c366d4234705a46616a570000000000000000000000000000000000000000000000000000000000000000000000000000000000000000000000000000000000000000000000000000000000000000000000000000000000000000000000000000000000000000000000000000000000000000000000000000000000000000000000000000000000000000000000000000000000000000, 0x7061626c6f706166657273610000000000000000000000000000000000000000000000000000000000000000000000000000000000000000000000000000000000000000000000000000000000000000000000000000000000000000000000000000000000000000000000000000000000000000000000000000000000000000000000000000000000000000000000000000000000000000000000000000000000000000000000000000000000000000000000000000000000000000000000000000000000000000, 0, NULL),
(25, '123', 0x243261243130247578497a76475870365471303038417436567633754f4f797774664936747175714f4179303963725973314b2e6a336a4e352e51530000000000000000000000000000000000000000000000000000000000000000000000000000000000000000000000000000000000000000000000000000000000000000000000000000000000000000000000000000000000000000000000000000000000000000000000000000000000000000000000000000000000000000000000000000000000000000, 0x3132330000000000000000000000000000000000000000000000000000000000000000000000000000000000000000000000000000000000000000000000000000000000000000000000000000000000000000000000000000000000000000000000000000000000000000000000000000000000000000000000000000000000000000000000000000000000000000000000000000000000000000000000000000000000000000000000000000000000000000000000000000000000000000000000000000000000, 0, NULL),
(26, 'Pacocraisy', 0x24326124313024554179454f3750462f316e534d384c3649564e4276756965416c464d584c5875763148537747503451544b39615254746e304d74790000000000000000000000000000000000000000000000000000000000000000000000000000000000000000000000000000000000000000000000000000000000000000000000000000000000000000000000000000000000000000000000000000000000000000000000000000000000000000000000000000000000000000000000000000000000000000, 0x7061636f7061636d616e00000000000000000000000000000000000000000000000000000000000000000000000000000000000000000000000000000000000000000000000000000000000000000000000000000000000000000000000000000000000000000000000000000000000000000000000000000000000000000000000000000000000000000000000000000000000000000000000000000000000000000000000000000000000000000000000000000000000000000000000000000000000000000000, 0, NULL),
(27, 'Mifersa', 0x243261243130246e67525878533636454c516b48326a71626a484b5a4f3464622f56786c6c7558364555725a3035766d425738564e2e775036674e2e0000000000000000000000000000000000000000000000000000000000000000000000000000000000000000000000000000000000000000000000000000000000000000000000000000000000000000000000000000000000000000000000000000000000000000000000000000000000000000000000000000000000000000000000000000000000000000, 0x6d6966657273613230303740676d61696c2e636f6d0000000000000000000000000000000000000000000000000000000000000000000000000000000000000000000000000000000000000000000000000000000000000000000000000000000000000000000000000000000000000000000000000000000000000000000000000000000000000000000000000000000000000000000000000000000000000000000000000000000000000000000000000000000000000000000000000000000000000000000000, 0, NULL),
(28, 'Pacoputo', 0x243261243130243878626e75587a64332f4c306f4f4b6156735249532e6635614d537252436b6963527053486f595572414b4a77496f494457546b320000000000000000000000000000000000000000000000000000000000000000000000000000000000000000000000000000000000000000000000000000000000000000000000000000000000000000000000000000000000000000000000000000000000000000000000000000000000000000000000000000000000000000000000000000000000000000, 0x7061636f70656c6f3230303340676d61696c2e636f6d00000000000000000000000000000000000000000000000000000000000000000000000000000000000000000000000000000000000000000000000000000000000000000000000000000000000000000000000000000000000000000000000000000000000000000000000000000000000000000000000000000000000000000000000000000000000000000000000000000000000000000000000000000000000000000000000000000000000000000000, 0, NULL),
(29, 'Jdjdj', 0x24326124313024785a34534c6a764b514970474c755a5470457747732e754752354c744358636f4b4c6c76777a306355315056704e324d50685a37790000000000000000000000000000000000000000000000000000000000000000000000000000000000000000000000000000000000000000000000000000000000000000000000000000000000000000000000000000000000000000000000000000000000000000000000000000000000000000000000000000000000000000000000000000000000000000, 0x6a6a7a6a6440676d61696c2e736f6d0000000000000000000000000000000000000000000000000000000000000000000000000000000000000000000000000000000000000000000000000000000000000000000000000000000000000000000000000000000000000000000000000000000000000000000000000000000000000000000000000000000000000000000000000000000000000000000000000000000000000000000000000000000000000000000000000000000000000000000000000000000000, 0, NULL),
(30, 'jose', 0x2432612431302439354f726645733454374666795245364834753636756547452f59524f47655330414879424c7778656b743033416e7a2f495936530000000000000000000000000000000000000000000000000000000000000000000000000000000000000000000000000000000000000000000000000000000000000000000000000000000000000000000000000000000000000000000000000000000000000000000000000000000000000000000000000000000000000000000000000000000000000000, 0x6a6f736500000000000000000000000000000000000000000000000000000000000000000000000000000000000000000000000000000000000000000000000000000000000000000000000000000000000000000000000000000000000000000000000000000000000000000000000000000000000000000000000000000000000000000000000000000000000000000000000000000000000000000000000000000000000000000000000000000000000000000000000000000000000000000000000000000000, 0, NULL),
(31, 'jose2', 0x243261243130244e5a6241674f2e7151416772786e4d76636633484675477056574f654c4f52325a31515848685037784671436f627379625a4a502e0000000000000000000000000000000000000000000000000000000000000000000000000000000000000000000000000000000000000000000000000000000000000000000000000000000000000000000000000000000000000000000000000000000000000000000000000000000000000000000000000000000000000000000000000000000000000000, 0x6a6f736532406a6f73652e636f6d000000000000000000000000000000000000000000000000000000000000000000000000000000000000000000000000000000000000000000000000000000000000000000000000000000000000000000000000000000000000000000000000000000000000000000000000000000000000000000000000000000000000000000000000000000000000000000000000000000000000000000000000000000000000000000000000000000000000000000000000000000000000, 0, NULL),
(32, 'Chuuuchooo', 0x243261243130244551646c6b484a4e55336c484d3839446133637342656f46692f7175413767574339696b38637055464b3058424a795373726263790000000000000000000000000000000000000000000000000000000000000000000000000000000000000000000000000000000000000000000000000000000000000000000000000000000000000000000000000000000000000000000000000000000000000000000000000000000000000000000000000000000000000000000000000000000000000000, 0x6b616c692e6e2e6d6f796c616e40676d61696c2e636f6d000000000000000000000000000000000000000000000000000000000000000000000000000000000000000000000000000000000000000000000000000000000000000000000000000000000000000000000000000000000000000000000000000000000000000000000000000000000000000000000000000000000000000000000000000000000000000000000000000000000000000000000000000000000000000000000000000000000000000000, 0, NULL),
(33, 'Chucho', 0x24326124313024634f436c72725041793441547064385975776e59532e3646472f434659314e453544763331344b416d6b4c683577566a66544531790000000000000000000000000000000000000000000000000000000000000000000000000000000000000000000000000000000000000000000000000000000000000000000000000000000000000000000000000000000000000000000000000000000000000000000000000000000000000000000000000000000000000000000000000000000000000000, 0x6b616c692e6e2e6d6f796c616e40676d61696c2e636f6d000000000000000000000000000000000000000000000000000000000000000000000000000000000000000000000000000000000000000000000000000000000000000000000000000000000000000000000000000000000000000000000000000000000000000000000000000000000000000000000000000000000000000000000000000000000000000000000000000000000000000000000000000000000000000000000000000000000000000000, 0, NULL);

--
-- Índices para tablas volcadas
--

--
-- Indices de la tabla `Actual_Training`
--
ALTER TABLE `Actual_Training`
  ADD PRIMARY KEY (`id`),
  ADD KEY `routine_id` (`routine_id`),
  ADD KEY `exercise_id` (`exercise_id`);

--
-- Indices de la tabla `DayMeals`
--
ALTER TABLE `DayMeals`
  ADD PRIMARY KEY (`day_id`,`meal_id`),
  ADD KEY `meal_id` (`meal_id`);

--
-- Indices de la tabla `Days`
--
ALTER TABLE `Days`
  ADD PRIMARY KEY (`id`),
  ADD KEY `user_id` (`user_id`),
  ADD KEY `routine_id` (`routine_id`);

--
-- Indices de la tabla `Exercises`
--
ALTER TABLE `Exercises`
  ADD PRIMARY KEY (`id`);

--
-- Indices de la tabla `Liked`
--
ALTER TABLE `Liked`
  ADD PRIMARY KEY (`user_id`,`routine_id`),
  ADD KEY `FK_ROUTINE_ISLIKED` (`routine_id`);

--
-- Indices de la tabla `Meals`
--
ALTER TABLE `Meals`
  ADD PRIMARY KEY (`id`),
  ADD UNIQUE KEY `Meals_UNIQUE` (`name`),
  ADD KEY `idx_meals_isPublic` (`isPublic`);

--
-- Indices de la tabla `Progress`
--
ALTER TABLE `Progress`
  ADD PRIMARY KEY (`id`);

--
-- Indices de la tabla `RoutineExercises`
--
ALTER TABLE `RoutineExercises`
  ADD PRIMARY KEY (`routine_id`,`exercise_id`),
  ADD KEY `exercise_id` (`exercise_id`);

--
-- Indices de la tabla `Routines`
--
ALTER TABLE `Routines`
  ADD PRIMARY KEY (`id`),
  ADD KEY `FK_User_Routines` (`user_id`);

--
-- Indices de la tabla `Users`
--
ALTER TABLE `Users`
  ADD PRIMARY KEY (`id`),
  ADD UNIQUE KEY `username` (`username`);

--
-- AUTO_INCREMENT de las tablas volcadas
--

--
-- AUTO_INCREMENT de la tabla `Actual_Training`
--
ALTER TABLE `Actual_Training`
  MODIFY `id` int(11) NOT NULL AUTO_INCREMENT;

--
-- AUTO_INCREMENT de la tabla `Days`
--
ALTER TABLE `Days`
  MODIFY `id` int(11) NOT NULL AUTO_INCREMENT, AUTO_INCREMENT=102;

--
-- AUTO_INCREMENT de la tabla `Exercises`
--
ALTER TABLE `Exercises`
  MODIFY `id` int(11) NOT NULL AUTO_INCREMENT, AUTO_INCREMENT=23;

--
-- AUTO_INCREMENT de la tabla `Meals`
--
ALTER TABLE `Meals`
  MODIFY `id` int(11) NOT NULL AUTO_INCREMENT, AUTO_INCREMENT=21;

--
-- AUTO_INCREMENT de la tabla `Progress`
--
ALTER TABLE `Progress`
  MODIFY `id` int(11) NOT NULL AUTO_INCREMENT;

--
-- AUTO_INCREMENT de la tabla `Routines`
--
ALTER TABLE `Routines`
  MODIFY `id` int(11) NOT NULL AUTO_INCREMENT, AUTO_INCREMENT=14;

--
-- AUTO_INCREMENT de la tabla `Users`
--
ALTER TABLE `Users`
  MODIFY `id` int(11) NOT NULL AUTO_INCREMENT, AUTO_INCREMENT=34;

--
-- Restricciones para tablas volcadas
--

--
-- Filtros para la tabla `Actual_Training`
--
ALTER TABLE `Actual_Training`
  ADD CONSTRAINT `Actual_Training_ibfk_1` FOREIGN KEY (`routine_id`) REFERENCES `Routines` (`id`),
  ADD CONSTRAINT `Actual_Training_ibfk_2` FOREIGN KEY (`exercise_id`) REFERENCES `Exercises` (`id`);

--
-- Filtros para la tabla `DayMeals`
--
ALTER TABLE `DayMeals`
  ADD CONSTRAINT `DayMeals_ibfk_1` FOREIGN KEY (`day_id`) REFERENCES `Days` (`id`) ON DELETE CASCADE,
  ADD CONSTRAINT `DayMeals_ibfk_2` FOREIGN KEY (`meal_id`) REFERENCES `Meals` (`id`) ON DELETE CASCADE;

--
-- Filtros para la tabla `Days`
--
ALTER TABLE `Days`
  ADD CONSTRAINT `Days_ibfk_1` FOREIGN KEY (`user_id`) REFERENCES `Users` (`id`),
  ADD CONSTRAINT `Days_ibfk_3` FOREIGN KEY (`routine_id`) REFERENCES `Routines` (`id`);

--
-- Filtros para la tabla `Liked`
--
ALTER TABLE `Liked`
  ADD CONSTRAINT `FK_ROUTINE_ISLIKED` FOREIGN KEY (`routine_id`) REFERENCES `Routines` (`id`),
  ADD CONSTRAINT `FK_USER_LIKED` FOREIGN KEY (`user_id`) REFERENCES `Users` (`id`);

--
-- Filtros para la tabla `RoutineExercises`
--
ALTER TABLE `RoutineExercises`
  ADD CONSTRAINT `RoutineExercises_ibfk_1` FOREIGN KEY (`routine_id`) REFERENCES `Routines` (`id`),
  ADD CONSTRAINT `RoutineExercises_ibfk_2` FOREIGN KEY (`exercise_id`) REFERENCES `Exercises` (`id`);

--
-- Filtros para la tabla `Routines`
--
ALTER TABLE `Routines`
  ADD CONSTRAINT `FK_User_Routines` FOREIGN KEY (`user_id`) REFERENCES `Users` (`id`);
COMMIT;

/*!40101 SET CHARACTER_SET_CLIENT=@OLD_CHARACTER_SET_CLIENT */;
/*!40101 SET CHARACTER_SET_RESULTS=@OLD_CHARACTER_SET_RESULTS */;
/*!40101 SET COLLATION_CONNECTION=@OLD_COLLATION_CONNECTION */;
